uniprot,position,label
P16989,134,1
O95817,285,1
P10275,515,1
Q13131,172,1
Q9NZI6,177,1
P42771,131,1
Q00987,158,1
Q96NN9,281,1
O15350,422,1
P35613,252,1
P10244,487,1
P41222,29,1
P48163,336,1
P11413,112,1
P07355,24,1
P03372,311,1
Q13501,420,1
P29401,16,1
Q96IZ0,231,1
P12931,2,1
P37231,108,1
P11233,194,1
Q14847,171,1
P63085,183,1
P00441,71,1
Q8WTX7,14,1
Q15797,187,1
O95758,426,1
Q15233,198,1
Q02248,45,1
P35637,42,1
Q01826,411,1
Q53HL2,278,1
Q14790,273,1
Q9BWC9,147,1
P08670,56,1
O95644,154,1
Q9UHH9,347,1
P49023,31,1
Q12778,249,1
O75326,258,1
Q99828,10,1
Q96T88,210,1
Q92934,94,1
P43268,392,1
P38936,145,1
P55895,490,1
Q9H0F6,146,1
Q15796,220,1
P98083,313,1
